{
  "hash": "748dc74c",
  "configHash": "12de2a59",
  "lockfileHash": "c814fd46",
  "browserHash": "caf0514c",
  "optimized": {
    "@angular/common": {
      "src": "../../../../../../node_modules/@angular/common/fesm2022/common.mjs",
      "file": "@angular_common.js",
      "fileHash": "ce5d77f5",
      "needsInterop": false
    },
    "@angular/common/http": {
      "src": "../../../../../../node_modules/@angular/common/fesm2022/http.mjs",
      "file": "@angular_common_http.js",
      "fileHash": "c7c6549e",
      "needsInterop": false
    },
    "@angular/core": {
      "src": "../../../../../../node_modules/@angular/core/fesm2022/core.mjs",
      "file": "@angular_core.js",
      "fileHash": "11416b38",
      "needsInterop": false
    },
    "@angular/platform-browser": {
      "src": "../../../../../../node_modules/@angular/platform-browser/fesm2022/platform-browser.mjs",
      "file": "@angular_platform-browser.js",
      "fileHash": "5b97d735",
      "needsInterop": false
    },
    "@angular/router": {
      "src": "../../../../../../node_modules/@angular/router/fesm2022/router.mjs",
      "file": "@angular_router.js",
      "fileHash": "ddc5c994",
      "needsInterop": false
    }
  },
  "chunks": {
    "chunk-5WLVWYH3": {
      "file": "chunk-5WLVWYH3.js"
    },
    "chunk-EY7GLY7J": {
      "file": "chunk-EY7GLY7J.js"
    },
    "chunk-KCUU2P3T": {
      "file": "chunk-KCUU2P3T.js"
    },
    "chunk-SZBLJUHW": {
      "file": "chunk-SZBLJUHW.js"
    }
  }
}